# path	kind	count (scripts/cmux-next/check-layers.py; may only go down)
webviews/src/agent-session/acpmux/Inspector.css	z	1
webviews/src/agent-session/acpmux/ModelPicker.tsx	z	1
webviews/src/agent-session/acpmux/changes/changes.css	z	1
webviews/src/agent-session/acpmux/changes/treeMotionDom.ts	z	1
webviews/src/agent-session/acpmux/composerAttachments.css	z	1
webviews/src/agent-session/acpmux/composerLocation.css	z	1
webviews/src/agent-session/acpmux/conversation/conversation.css	backdrop	2
webviews/src/agent-session/acpmux/conversation/conversation.css	z	2
webviews/src/agent-session/acpmux/handoff/styles.css	z	1
webviews/src/agent-session/acpmux/modelPicker.css	z	1
webviews/src/agent-session/acpmux/newtab/screen.css	z	1
webviews/src/agent-session/acpmux/prototype/prototype.css	z	5
webviews/src/agent-session/acpmux/styles.css	backdrop	2
webviews/src/agent-session/acpmux/styles.css	z	7
webviews/src/agent-session/acpmux/summary/summary.css	backdrop	2
webviews/src/agent-session/acpmux/summary/summary.css	z	1
webviews/src/agent-session/acpmux/threadMinimap/threadMinimap.css	z	1
webviews/src/gallery/fixtures/VisualMediaBoard.css	backdrop	1
webviews/src/gallery/frame/liveErrors.ts	z	1
webviews/src/gallery/shell/shell.css	z	4
webviews/src/icon-picker/styles.css	z	2
webviews/src/optchat-inspector/styles.css	z	1
webviews/src/pages/markdown/styles.css	z	1
webviews/src/styles.css	backdrop	2
webviews/src/styles.css	z	14
webviews/src/ui/ui.css	z	1
webviews/src/viewer-empty/styles.css	z	2
