# path	kind	count (scripts/cmux-next/check-type-scale.py; may only go down)
webviews/src/agent-activity/styles.css	size	6
webviews/src/agent-session/acpmux-preview/styles.css	size	3
webviews/src/agent-session/acpmux/Inspector.css	size	4
webviews/src/agent-session/acpmux/changes/changes.css	size	7
webviews/src/agent-session/acpmux/checkpoints/styles.css	size	2
webviews/src/agent-session/acpmux/chips/chips.css	size	1
webviews/src/agent-session/acpmux/composerStates.css	size	2
webviews/src/agent-session/acpmux/conversation/CodeBlock.tsx	size	1
webviews/src/agent-session/acpmux/conversation/RenderCard.tsx	size	1
webviews/src/agent-session/acpmux/conversation/conversation.css	size	34
webviews/src/agent-session/acpmux/diffTheme.ts	size	3
webviews/src/agent-session/acpmux/handoff/styles.css	size	4
webviews/src/agent-session/acpmux/keys.css	size	1
webviews/src/agent-session/acpmux/markdownField.css	size	4
webviews/src/agent-session/acpmux/mockFixture.ts	size	2
webviews/src/agent-session/acpmux/newtab/screen.css	size	23
webviews/src/agent-session/acpmux/prototype/prototype.css	size	18
webviews/src/agent-session/acpmux/styles.css	size	77
webviews/src/agent-session/acpmux/subagents/subagents.css	size	2
webviews/src/agent-session/acpmux/threadMinimap/threadMinimap.css	size	1
webviews/src/agent-session/acpmux/turnChanges/turnChanges.css	size	4
webviews/src/gallery/env.ts	size	1
webviews/src/gallery/fixtures/VisualMediaBoard.css	size	9
webviews/src/gallery/fixtures/renders.ts	size	3
webviews/src/gallery/frame/liveErrors.ts	size	1
webviews/src/gallery/frame/main.ts	size	2
webviews/src/gallery/shell/shell.css	size	36
webviews/src/icon-picker/styles.css	size	13
webviews/src/optchat-inspector/styles.css	size	12
webviews/src/pages/apps/styles.css	size	9
webviews/src/pages/changelog/styles.css	size	8
webviews/src/pages/cloud/styles.css	size	19
webviews/src/pages/coderouter/styles.css	size	3
webviews/src/pages/editor/settings.ts	size	1
webviews/src/pages/editor/styles.css	size	2
webviews/src/pages/history/styles.css	size	6
webviews/src/pages/keybindings/styles.css	size	11
webviews/src/pages/markdown/styles.css	size	4
webviews/src/pages/passwords/styles.css	size	6
webviews/src/pages/settings/components/AgentHarnesses.tsx	size	20
webviews/src/pages/settings/components/ThemePreview.tsx	size	10
webviews/src/pages/settings/layout.css	size	15
webviews/src/pages/settings/styles.css	size	14
webviews/src/pages/shared/pageBase.css	size	1
webviews/src/sidebar/AllChatsDesigns.css	size	3
webviews/src/styles.css	size	16
webviews/src/viewer-empty/styles.css	size	19
